,seq,score_controls,screen_controls,score_gcn4,screen_gcn4
0,AAEPNYGSVAISLPLERTISSQSMERSGSSSSGSPVVLDG,5639.51721,controls,16569.2969,gcn4
1,AAIALSQPETIPAKEISVPPSPAVGKSASPAPSPAPSKSG,4815.867766,controls,14994.83033,gcn4
2,AAIPENELLDEDTMNAISSLKNDLSNISNSLPAEAPHEIA,15854.36191,controls,36628.05513,gcn4
3,AALDVALALSQPETKPAKEVSVPPSPAIRNSASPAPSPAP,5231.704055,controls,18454.75802,gcn4
5,ADPFSTSAQVALGTPDMDSTAMTPSMSRRSSSPGSSPKSG,5985.158043,controls,17622.51165,gcn4
13,AGVNARQRKPLPPIKFDSADPAAMKRARNTEAARKSRARK,4834.453333,controls,16680.40254,gcn4
14,AGVNARQRKPLPVIKFDSNDPVAMKRARNTEAARKSRARK,5703.867293,controls,17189.53067,gcn4
16,ALDIAAALSQPKVKADVTPASPMIRTTSSRATSPSARSVT,5330.428605,controls,16067.64701,gcn4
18,ALGTPDMDSTAMTPSMSRRSSSPGSSPKSGSRKHSSVAGV,4837.482078,controls,17019.7858,gcn4
19,ALHNTLFQLTGLPHSYSAVETDQAEPTVRELTRRADFGGA,6053.939921,controls,15425.37589,gcn4
21,ALRTSASGTRRRSGTNSSPPSGSRASLSGVSSRKRDKPLP,5462.735262,controls,18278.76127,gcn4
23,APAASNSPTQKSEELEVVEAASQSRRKSGNSPSSGSHGRH,5173.609203,controls,17976.67218,gcn4
24,APDAPAPKPSPAQESVEIEAVVATNSSSRRKSAGSPPSGR,5301.779315,controls,16404.76592,gcn4
26,APSASPAPSRQGTKHSTVAGVNARQRKPLPPIKFDSADPA,4721.255567,controls,15191.90431,gcn4
27,AQQLQSPESPQQDFVLFDQPQPPNRSTTSLQSQRRHSSHL,4949.206564,controls,16843.3208,gcn4
29,ARRSRARKVERMNQLEDKVEQLLLRNAELEEEVKRLNGLL,4380.645553,controls,17242.75368,gcn4
31,ASAQSLQNQRVAAIIQSTGHSITTSALTNRFNPAQSPQQF,4969.555985,controls,15588.39403,gcn4
32,ASGQANANYQAFTAGSALNGPSLPAPSLFAGHGPEAHSDH,8930.519463,controls,31637.98609,gcn4
33,ASPIQNPRVSDLSQDTGSIASSTSPQQSNPTGQQHHFYAS,4938.068142,controls,18370.03261,gcn4
34,ASSASPIQNPRVSDLSQDTGSIASSTSPQQSNPTGQQHHF,5066.699873,controls,15099.46612,gcn4
37,ATLGLASGITQAKPVAPASPLIPSTGSPPLSPARRPSSKS,5314.356421,controls,15760.32433,gcn4
38,ATTHLTLDAILGSASSMPALDLPPPATSSSSANPTPTRKR,5381.459494,controls,16098.96541,gcn4
41,AVPTVPQRRHSSHHQQQHRQGFSPAVGNRQVAQFQHHQPT,6453.38306,controls,29661.3039,gcn4
44,CLKSAGMSGPSHNRGSGMVVGSGGTTRAAIFALKSLGYGP,13971.41219,controls,35225.29337,gcn4
45,CSPSDVSSTVLTGNARMQVRPIGPLVDALRTNGVKIDYLG,11696.24082,controls,34602.78378,gcn4
47,DALSSSSLPSTAVAQGDIQTTSTADTETKNPAQSDIAEAA,4885.45974,controls,13333.59766,gcn4
50,DDAVVESAASSSTDSTPAAEAENAEDNSKEATSAADNDIP,5268.776837,controls,15400.43797,gcn4
51,DDAVVESAASSSTDSTPMAEAENLEDNSKEATSLADNDIP,5750.347795,controls,13761.26334,gcn4
55,DDAVVESFFSSSTDSTPMFEYENLEDNSKEATSAADNDIP,7894.303256,controls,32126.20255,gcn4
59,DFGGASVTIPLKLDVMPLVDEISESAKVIGAVNTIVRLPG,17271.00731,controls,60198.77359,gcn4
62,DFPVFTTDSHQSSWPPSSSPSLPAPSAHHQNFQQQPPQQD,5374.805449,controls,12841.86274,gcn4
66,DPEDPVVSPSMPNVPQPDALAGDLSGRLDEDHEALDSPST,5420.358107,controls,17990.3845,gcn4
67,DPFSTSAQVALGTPDMDSTAMTPSMSRRSSSPGSSPKSGS,4831.276485,controls,16311.52637,gcn4
68,DPSDTVAMKRARNTLAARKSRERKAQKLEELEEKIAKLEE,5578.899646,controls,17039.90182,gcn4
69,DPTSLEITAPVPAVKAEPPVSSPVVKPVSSPARSPTAAPR,5158.303876,controls,14959.38933,gcn4
70,DPVLFPSQQAQPSPRTLPNQLQQQQSRPAQLPQPRRVSEI,5982.336622,controls,16301.30491,gcn4
71,DQPTASVKSPMEVPADLEITETDSLPRRKSSNSPSSSHGH,4981.361873,controls,16483.42499,gcn4
72,DSCAMDRTFSSTSMASSTPSCSSPTMGVIGAKITKKTSRK,5738.547244,controls,17167.78058,gcn4
74,DSPGPGATPHDSAPYGALDMADAEAEQMATDALGIDEYGG,6245.717264,controls,26748.69547,gcn4
79,DVTPASPMIRTTSSRATSPSARSVTKPSHVAGVNARQRKP,4681.870641,controls,17838.34122,gcn4
81,EACRDILGSRRSAGAHRAIGALIAVRLLEQGSSGQISDVL,5348.058175,controls,13039.27228,gcn4
82,EDSSASAAPTHQAMIADIIVKNDSRESTASPETSPKFSDS,4356.575456,controls,14248.00787,gcn4
83,EDSSPLLPEEELEVSEALRTSASGTRRRSGTNSSPPSGSR,5387.019194,controls,16306.70587,gcn4
84,EEPILSLKNDNDNEVDVDVDDDDALVPREETTIEGLLLEP,5376.981267,controls,16345.65955,gcn4
85,EESLPCPSSVPAPPFEEEPSSPSKAATETKAALPADSKSE,4860.817785,controls,15469.43972,gcn4
87,EHSPAEKSDDLEVVEPTSGHQRRKSGTSPPSGRHSSVSGV,6149.396186,controls,16621.64464,gcn4
88,EIEAVVATNSSSRRKSAGSPPSGRHSSVAGVSSRKRDKPL,5848.888485,controls,15722.45501,gcn4
90,EITAPVPAVKAEPPVSSPVVKPVSSPARSPTAAPRSSATK,5128.064019,controls,14894.6168,gcn4
91,ELAAPTQQQQSPAAGSEDLEAAPSPAPRRKSGNSPTSSTG,5742.412259,controls,16658.02487,gcn4
92,ELEVAERIRTSTTRRRSGTSTSPPATSHSSVSGVGSRKRD,5272.169677,controls,15905.07916,gcn4
93,ELEVSEALRTSASGTRRRSGTNSSPPSGSRASLSGVSSRK,6120.180181,controls,17458.49543,gcn4
94,ELEVSEHLRSNSSRRRSATTSSPPSGTHSSVSGVNSRKRD,6141.441052,controls,16259.4426,gcn4
96,ERTSSVAAMEPPVHVKLETINPFQSLKRSGADAEIGNASE,6275.016497,controls,17733.34325,gcn4
98,ESTITDQVTTSTKSSVEAPAELEKLEADSLPCRKSGTPSS,4789.813473,controls,16378.60869,gcn4
100,ESVEIEAVVATNSSSRRKSAGSPPSGRHSSVAGVSSRKRD,4794.8108,controls,17044.12232,gcn4
101,ETDHLGVVAYNRKQRSAPLSPIVVESDDPVAQKRARNTEA,6600.23936,controls,18599.15246,gcn4
102,ETEVAVTTTSSSSRRKSGGSPASGRHSSVAGVGSRKRDKP,4513.588643,controls,15774.17315,gcn4
105,EVVEFASTSGRRKSVNSSPTSSARHSSVSGVSSRRRDKPL,5295.972072,controls,15742.44611,gcn4
109,FAVDVLRPMGCTVEQTETSTTVTGPPIGGLKAIDHVDMEP,7769.201708,controls,27920.54939,gcn4
118,FIEPAGTITSTPSSSGLLRSRLSSTTSSGLRSVREVSEPV,4747.343655,controls,17567.65818,gcn4
119,FPDQVPAPEQPSTTAVQDSPAEASDEVETGPDASPAPTRR,5538.014057,controls,17578.25866,gcn4
120,FPQDDQTEQPAKVEQSPLLPEEEFEVSEHLRNSTGRRRSG,5070.216424,controls,16458.13847,gcn4
121,FSPLDGSKPTNENMSASTSATKPVVGQLIFDKFIKTEEDP,4992.275743,controls,18799.16303,gcn4
126,GDGVPSPETATEPLLASALQRPRPTARFAGLFLPPSLNPG,5484.763019,controls,15130.6273,gcn4
127,GENTMWLVVRAGPSPLLQDLAARCHIDGMSMPLLHFDPPD,18619.48142,controls,58909.37458,gcn4
128,GFSPAVGNRQVAQFQHHQPTWFPAPPASNNHVSASHQAAK,10505.91216,controls,35553.42543,gcn4
129,GLASGITQAKPVAPASPLIPSTGSPPLSPARRPSSKSSSI,5226.361106,controls,18623.02695,gcn4
130,GLVSASAPVRPSTQQGEAASDDQTAVPASRSQVQGGAAAD,4918.520359,controls,15101.88574,gcn4
132,GPLPPIVVEDPSDTVAMKRARNTLAARKSRAKKLERMEEM,5305.642167,controls,15953.75827,gcn4
133,GPSTGSVKQEHESPLLDFSPAPSAAPVGSGGVTAADAESL,6392.0066,controls,15874.72492,gcn4
135,GSPLIGNGYSDDDIVDVVGDSPSTSPRFRSTSTGPNQRRS,4734.65766,controls,18197.6109,gcn4
137,GVGSHRRTKPLPPIKYDPDDPVAVKRARNTEAARKSRARK,5254.050667,controls,17888.88578,gcn4
141,HGEAVAIGMVKEAELARFLGVLRPDAVARLAKCIASYDLP,18325.65606,controls,59762.89383,gcn4
143,HNPSPFPIKLPLTSPQSEAEGSYLWGGAYSFFPRTSKDKR,8198.983404,controls,35631.64201,gcn4
145,HQAMIADIIVKNDSRESTASPETSPKFSDSTRMQKRSSTS,5648.319628,controls,11313.32425,gcn4
147,HRPSALQPFLAQNNPRRHSFSLQLQRHLQQQYPGSPVQDP,5728.058724,controls,15912.33032,gcn4
149,HSSISGVGSHRRTKPLPPIKYDPDDPVAVKRARNTEAARK,5850.524777,controls,16350.56761,gcn4
150,IAAALSQPKAKADVTPSSPMIRTTSSRATSPSTRSVTKPS,4665.406702,controls,13674.85159,gcn4
151,IAAPVPAVKAEPPVSSPAVKPVSSPARSPTATSRSSTTKH,4321.317489,controls,11298.2381,gcn4
152,IAGATSKEPMLSLNEDNENNDDDADDADDDDDALVPREDT,5677.174977,controls,15720.39366,gcn4
154,IDDEEIVPRDEAFNSDATVSAESANTTATSSPGVAPSTTA,6109.175623,controls,17416.70819,gcn4
155,IEAVVATNSSSRRKSAGSPPSGRHSSVAGVSSRKRDKPLP,4819.638865,controls,14366.23224,gcn4
156,ILGTFSDRSELPLSTSNKITTLDLPVVTTDSQSTWFPSST,14536.38574,controls,52535.9458,gcn4
157,ILPLLQQEASTVDLNFSTQLSSSRSSSVSPTAAIPGPDFP,5858.074424,controls,15806.07287,gcn4
158,ILPSRGLVSASAPVRPSTQQGEAASDDQTAVPASRSQVQG,4999.490463,controls,18160.69587,gcn4
162,IPHRRGDGVPSPETATEPLLASALQRPRPTARFAGLFLPP,7078.01612,controls,16938.58343,gcn4
164,ISVPPSPAVGKSASPAPSPAPSKSGVKHSTVAGVNARQRK,5016.661891,controls,17048.14347,gcn4
166,IVPRDEAFNSDATVSAESANTTATSSPGVAPSTTATSMTI,4909.080659,controls,18244.07528,gcn4
170,KETLEQLTEPTEITVQPTNLDHISEQARIGADTIDHQESN,5701.117843,controls,16269.24745,gcn4
171,KGGKLQASKEALYLGNAGTASRFLTTVVALCSPSDVSSTV,12868.34128,controls,32034.49656,gcn4
173,KMERMNQLEDKVEVLVGEKQALQDEVDRLKELLTLNGINF,4492.860672,controls,14802.34743,gcn4
174,KPVETEVAVTTTSSSSRRKSGGSPASGRHSSVAGVGSRKR,4758.455576,controls,16879.27452,gcn4
175,KQPSTTPLDSPAPLIMDTYTRRKSDPKNSPSGLAHSSVSG,6354.053914,controls,16850.74599,gcn4
176,KRTAATILPQEVSALPAHSQPWPSQLPDQRHPPNEQPAQQ,5582.466391,controls,15906.14691,gcn4
177,KSEPMYRSSSSGSGSGSGKKKPSSGSPTGSTRHSSVSGVN,5335.049148,controls,17951.66328,gcn4
184,LDTTALDIAAALSQPKAKADVTPSSPMIRTTSSRATSPST,5401.566195,controls,16539.76735,gcn4
186,LEALLIEPSPNGLSDDTISAATTSASSPDLISTVATSVAP,5728.155227,controls,16411.06615,gcn4
187,LEIPPVVAAATTEIEQESTPIPEVESSSSTPAPPQFKRSS,7731.312561,controls,16941.1684,gcn4
189,LESDDFEEAETTTTQSRRKSSHGKGSPSNKPSSVAGVNPR,5470.374899,controls,16576.52033,gcn4
190,LEVVETTASSGHRRKSSTNSPPSGRHSSVSGVNSRRRDKP,6382.564268,controls,16666.2446,gcn4
193,LFPESTATDQPTASVKSPMEVPADLEITETDSLPRRKSSN,5436.823255,controls,16846.82437,gcn4
196,LKLDVMPLVDEISESAKVIGAVNTIVRLPGKDGEQPRLLG,9017.314632,controls,34171.34027,gcn4
197,LLPEEELVVSEQLRSSTTRRRSGTGGSSPTSASHAAHAGV,5096.638762,controls,17045.88707,gcn4
199,LNAYREKGGCVLLIHRDTKQVVEYLLQDKTRPAYREDIED,5337.271768,controls,15892.4364,gcn4
202,LSAIGLLGGATYTWEEGGEVLALEGKGGKLQASKEALYLG,11593.36896,controls,36546.49173,gcn4
204,LSLNEDNENNDDDADDADDDDDALVPREDTIEALLLEPSP,5825.598443,controls,16464.70712,gcn4
205,LSQPKVEPKAAATVPPSPVIRKSASPAPSPAPSNKSGTKH,5366.756245,controls,17272.46284,gcn4
206,LTAAQHRKSLTETPPSARHSSVSVTKPRRRKGPLPSIELD,6422.588488,controls,19184.80958,gcn4
217,MAVGQLLREEGEEEEEEEGRDIQNQRRGRSSLHCCTDVNV,5718.241841,controls,17196.81268,gcn4
222,MGAAGKLSRVLNRFLTPVSHADLPFKAAPGQMSAAEIRQA,19472.93105,controls,49411.64427,gcn4
225,MMKSFGVHVQKSETEAHTYHIPLGVYKNPEEYVIESDASS,7948.30473,controls,30821.33346,gcn4
228,MNSEMAWFQNSYLRQQRTVRKTSNRYILEQNLKTFDPEAD,5485.767014,controls,18477.52077,gcn4
230,MPFDPTGLEIAAPVPAVKAEPTVSSPTVKPVSSPARSPTA,6074.905731,controls,17564.35159,gcn4
231,MPLVDEISESAKVIGAVNTIVRLPGKDGEQPRLLGDNTDW,7831.220025,controls,22567.90874,gcn4
237,NANYQAFTAGSALNGPSLPAPSLFAGHGPEAHSDHSAQRG,8217.768578,controls,35182.01274,gcn4
239,NDELARVAGDLLDKVKDDQSDKFQQSNFLALMRRFRDHEV,5550.841713,controls,18031.81705,gcn4
245,NIAATGPAIAPSQAPAIGGPSALGQYGPNPFVPAAYHYPA,13961.15272,controls,42551.71009,gcn4
252,NMLSQVQNNNNIPNMLKSQENASLPNALAHTSAHQHHNAE,5558.017477,controls,14676.06004,gcn4
254,NQLEERVEQLLQKNSELEAEVARLKSLVASPEQSKYTSLG,5434.305368,controls,16214.98706,gcn4
255,NTLAARKSRERKAMRVEELEEKIAKLEAERDHWKKMALGQ,5290.518668,controls,16580.49327,gcn4
256,NTLAARKSRQRKMQRFEELEDQIAKLEAERDHWKEIALRR,4265.303059,controls,12481.59031,gcn4
257,NTQQNANVEHSPAEKSDDLEVVEPTSGHQRRKSGTSPPSG,5788.870246,controls,16424.60391,gcn4
260,PAQPTSVENSPELKSDEVDSDNQSPAPSRRKSGTSPSTRH,5590.159024,controls,15809.76542,gcn4
261,PASPSPADAAATAAAEKKKATQARLQQAYAAKRNEVVEEE,9447.464536,controls,17905.28647,gcn4
262,PEEETKAAEPNYGSVAISLPLERTISSQSMERSGSSSSGS,4525.133655,controls,16073.43241,gcn4
263,PEEQMSAPPKKDEESPLLPEEELVVSEQLRSSTTRRRSGT,4950.481227,controls,13908.04586,gcn4
265,PELVQPVQPTVQPTVEQTVHSVEASPATPSEDLEALSPGS,5847.921883,controls,17167.49294,gcn4
272,PHPASQDFVLFETSPSPRRTPSLSAQQAVTGQHRRHSSHL,5349.578011,controls,15929.52773,gcn4
273,PKFDEKVPLCSPKAPSALITPMTRTASSPGASPRNSRSST,6866.973041,controls,15185.90104,gcn4
275,PLLPEEELVVSEQLRSSTTRRRSGTGGSSPTSASHAAHAG,5576.797317,controls,15085.75401,gcn4
276,PLPEVKPSAPVPSPVPAPAVAPQASPVVASSPPPGASPRS,5661.464269,controls,18413.52226,gcn4
277,PLPPIKYDESDPVAAKRARNTEAARKSRARKLERQGDMER,4436.509388,controls,17000.60014,gcn4
278,PLPPIVIDDPSDIVAMKRARNTLAARKSRERKAAKLEELE,5464.564319,controls,16444.46912,gcn4
282,PMYRSSSSGSGSGSGKKKPSSGSPTGSTRHSSVSGVNSRR,5632.174614,controls,18655.93964,gcn4
283,PNLRIGSAYHGQQQHRPHSTLQASSASPIQNPRVSDLSQD,5593.82689,controls,17168.97556,gcn4
284,PPKTVPPPPSPMVRAASSPGQSTGTSRNGSSTSTTKHSSI,4506.360303,controls,13266.38973,gcn4
286,PPQPARPVAHHTHSLPSRLGQLLPADSQVDAIIQGLGHST,5264.608047,controls,18024.70715,gcn4
287,PPTDVSAGDEAHADGEDVAMAHADAADDADADMAGDGDSP,6539.294161,controls,14676.81276,gcn4
288,PPTDVSAGDEAHADGEDVAMAHADAADDFDADMAGDGDSP,4861.135792,controls,17261.58387,gcn4
289,PPTDVSLGDELHLDGEDVAMAHADALDDADLDMLGDGDSP,6479.384414,controls,32720.43454,gcn4
290,PPTDVSLGDELHLDGEDVAMAHADALDDFDLDMLGDGDSP,15277.05896,controls,16429.97458,gcn4
291,PQADDMVMSSRQEKGKQPDVATWDAHSNKGQCLLNSGGSA,6066.154734,controls,29175.14406,gcn4
294,PSPVQKPVETEVAVTTTSSSSRRKSGGSPASGRHSSVAGV,4700.508847,controls,15968.39197,gcn4
297,PTSLEITAPVPAVKAEPPVSSPVVKPVSSPARSPTAAPRS,6048.982349,controls,14067.11687,gcn4
298,PVTALSSGSPIRSLANTSGLCSVRAHSAQSGQNRRHSAHL,5026.520862,controls,14232.8341,gcn4
299,QASASTKSPIVAPAELEIAETDSLPRRKPGSSPPSSSNHG,4714.245527,controls,16840.06669,gcn4
300,QASPVVASSPPPGASPRSGRNGRHSSVSGVKPRSRDKPLP,5564.414805,controls,17187.14703,gcn4
306,QKLQTDQSPALNGDDLEVVEFASTSGRRKSVNSSPTSSAR,5411.438099,controls,17504.31826,gcn4
312,QPLPELVQPVQPTVQPTVEQTVHSVEASPATPSEDLEALS,5490.413701,controls,14802.82531,gcn4
313,QPSTTAVQDSPAEASDEVETGPDASPAPTRRKSGGSPGAG,4570.382327,controls,15782.97347,gcn4
315,QQQHRPHSTLQASSASPIQNPRVSDLSQDTGSIASSTSPQ,5836.796639,controls,18681.74864,gcn4
316,QQTARAAHNQSTQSLTSAPSGVDAILQRLGHNTTSSQFTH,5851.827034,controls,17135.86496,gcn4
317,QRKPLPVIKFDASDPVAAKRARNTEAARKSRARKLERQEE,6294.498345,controls,15318.33128,gcn4
318,QRRLSYPVGDFPRTSVSVSPDGGVGRASHLTRMFKQAPPS,6035.840787,controls,17836.39211,gcn4
319,QSPLLPEEELEVSEHLRSNSSRRRSATTSSPPSGTHSSVS,5652.070021,controls,14637.70135,gcn4
320,QSQRRHSSHLHNRHQQPVSPAAQNQRVAQLLQAFGHSSSP,6422.610475,controls,12541.5157,gcn4
321,QSVQPTVQPTVEQTVHSVEASPATPSEDLEVLSPGSGHQR,5642.977271,controls,16470.57557,gcn4
322,QTEQPAKVEQSPLLPEEEFEVSEHLRNSTGRRRSGTGTSP,5352.811971,controls,14945.36314,gcn4
326,QYRRQQPVSPAVQNQRVAQLLQAFGHPSSTSNSRLHNQFY,5150.788843,controls,13295.85674,gcn4
327,RAPLPPIVVEDPSDTVAMKRARNTLAARKSRAKKLERMEE,4952.621618,controls,15890.11741,gcn4
328,RARKLERQDEMERRIHELEKSLEEAQQREEYWKALAQSRA,4712.610494,controls,18241.61211,gcn4
329,RARKMERMSQLEAKCESLMQENESLRSEVARLKDLLQRSS,4930.352743,controls,17475.71337,gcn4
330,RARNTLAARESRARKYEHVQTLEARIAELESEKKAAVDDA,4550.401221,controls,14726.65522,gcn4
331,REESLEGLLLEASPNGLSSNDETISAPTTNASSSASSPEL,5464.730715,controls,13554.56973,gcn4
332,RFYASSAPSSSAALNQQRQLAAHRPQVPLFSQSTGNNSNP,7621.728156,controls,18844.18918,gcn4
333,RGHPSRPPVPLFSQGTSIPQTGSVANMSITGNYNQHFGAA,9857.757046,controls,36544.25978,gcn4
335,RPHSTLQASSASPIQNPRVSDLSQDTGSIASSTSPQQSNP,5275.813633,controls,15612.49562,gcn4
336,RQQPLPPIVVEDPSDIVALKRARNTLAARKSRAKKAEKMD,6492.640969,controls,17596.81803,gcn4
337,RSISVSVSPSESPLPEERSESPEGVIVAADGSVVGISERK,5246.361774,controls,17118.66695,gcn4
338,RVAAIIQSTGHSINTSALTNRFTPQQSSIQQFYASSAPNS,5474.19346,controls,16057.00835,gcn4
339,RVAQLLQAFGHSSSPVNRPTNQFYASSAPSSSTALNKQNR,5776.008928,controls,16785.34138,gcn4
340,SAAAGTESCFLPTPIIEDAVLKPPKRSLTKRDADSVPASK,5401.085808,controls,16566.80603,gcn4
342,SALITPMTRTASSPGASPRNSRSSTRPSSISGVKPRNRDK,4867.197251,controls,16958.9048,gcn4
343,SAPNSTALTALTSPSLYESPDFGYDVSPGFGSNDFDTGSN,8953.640851,controls,26872.94238,gcn4
344,SASPVSISSNISSPALNGCTSASATSRRRSSVMKSEKYDH,4225.016652,controls,17482.91682,gcn4
346,SATLGLASGITQAKPVAPASPLIPSTGSPPLSPARRPSSK,6384.452111,controls,14147.54484,gcn4
348,SDETISAATTSASSPEVDASTVCTSVAPSTSSANGRKRSF,4686.470717,controls,15472.98808,gcn4
349,SEDLEVSSPGSGHQRRKSSVSSPSGRHSSVAGVGSRRRDK,5817.776328,controls,17880.65055,gcn4
355,SIQSKSQLSAAGNGYLNLSPSDRPSSANIAGSTRGSDQNT,4469.995041,controls,17304.03745,gcn4
356,SISTSALTNRFHSAQHQPQFYASSAPAPSTPSQQQRPTRP,5597.977541,controls,17596.41282,gcn4
365,SPHQIPTGLMAVKDSMAGVPSGTISPKDLFMDASAPPSTS,18891.98363,controls,73333.25153,gcn4
367,SPLPHDHVISHSRKTEPGSPSSTESPDTSPRYHSSSGAHK,4888.727408,controls,17599.30129,gcn4
369,SPPPGASPRSGRNGRHSSVSGVKPRSRDKPLPPIVYDSND,5684.365933,controls,18127.28268,gcn4
371,SPSSGSHGRHSSVSGVNSRRRDKPLPPIVVDDPQDTVAMK,5265.305298,controls,16292.68366,gcn4
374,SRARKMQRMDQLELKCQSLLTENNDLKNQLEILKKLLAEK,4083.987463,controls,16022.78195,gcn4
377,SSEPKQDKDDVTSEVADRRCKSTSDLQDVYDKPGELESPE,5174.889282,controls,18377.42981,gcn4
379,SSLPSTAVAQGDIQTTSTADTETKNPAQSDIAEAARQLLE,4059.300298,controls,14917.38884,gcn4
380,SSPSGRHSSVAGVGSRRRDKPLPPIIVEDPSDVVAMKRAR,5915.971096,controls,18173.5159,gcn4
383,STDSTPAAEAENAEDNSKEATSAADNDIPVTTDDVSLADK,4463.29631,controls,18345.7397,gcn4
384,STDSTPAAEAENAEDNSKEWTSLFDNDIPVTTDDVSLADK,8950.414865,controls,35741.08327,gcn4
385,STDSTPMFEYENLEDNSKEATSAADNDIPVTTDDVSLADK,4425.524651,controls,17426.51504,gcn4
387,STEEASLVPSNLEVSTTSFLPTPILEDAKLSQTKRAKKPN,5424.155579,controls,17766.32849,gcn4
388,STIPADFMPRDAAHGFDWSEEDDMSDGAPFAKTDPNNNGF,8903.571658,controls,34386.51999,gcn4
389,STIPLDAMPRDALHGADASEEDDMSDGLPALKTDPNNNGA,5336.409625,controls,16962.19985,gcn4
394,SVKKDEKVDHLGVVVYNRKKRSQALTPVIPESDDPASLKR,4672.095737,controls,13048.06371,gcn4
395,SVSAEARTESGDVKHGIFEDSMLEALLAEPSPNGLSDETI,4775.645672,controls,15999.9272,gcn4
399,TATEDSHTTTVTQTVVSSKPDSSSSTHTMQGSDGLTRQTK,4832.562452,controls,14145.57776,gcn4
402,TDLRAPLPQSTALRSAAYHPSLVQNHLRRRALARQNHLPQ,4306.95246,controls,16632.7112,gcn4
404,TEKNHQQKMSTMPLSHDFEGTSTPGGSSSPEPELTVTLPD,5968.885512,controls,16397.56731,gcn4
406,TESCFLPTPIIEDAVLKPPKRSLTKRDADSVPASKSASPV,5453.805325,controls,19140.06406,gcn4
410,TGSPPLSPARRPSSKSSSISRIAARQRKPLPVIKFDASDP,6438.271985,controls,17821.03009,gcn4
412,TISAHLNTHVALLFRNPADHRTNPPPSYQQFAQTQSSDPS,5756.811692,controls,15911.03789,gcn4
414,TITNQASASTKSPIVAPAELEIAETDSLPRRKPGSSPPSS,4823.202916,controls,17531.73962,gcn4
415,TKDVTSIEEIQKLQTDQSPALNGDDLEVVEFASTSGRRKS,5066.044117,controls,18616.36496,gcn4
416,TKSPIVAPAELEIAETDSLPRRKPGSSPPSSSNHGRHSSV,4798.783628,controls,14340.35405,gcn4
417,TKVEQSPLIIDEELEVGDALRANRRRSGTDSSPGNHSSIT,5432.794865,controls,16671.50373,gcn4
418,TLAARKSRERKALRFDELEDKIAKLEAERDHWKKIALGGG,6153.642583,controls,17492.58679,gcn4
419,TLDVAPAAVSNPQETEEISMPSPKARSPSSAPSPSSRQAT,4878.913299,controls,14433.63851,gcn4
423,TNVAAPQLPQELAAPTQQQQSPAAGSEDLEAAPSPAPRRK,5662.123085,controls,17772.57145,gcn4
425,TPLAAPALERTVSSNTTKSSGSGSSVNSPIVMTNNSHRRK,5370.420133,controls,19091.11277,gcn4
428,TQKSEELEVVEAASQSRRKSGNSPSSGSHGRHSSVSGVNS,4711.9908,controls,17303.60203,gcn4
434,TSVENSPELKSDEVDSDNQSPAPSRRKSGTSPSTRHSSVA,5031.055887,controls,14999.25512,gcn4
435,TTKHSTVAGVSARRSKPLPPIKYDESDPVAAKRARNTEAA,6051.956163,controls,15933.81888,gcn4
436,TTSSPPSGTHSSVSGVNSRKRDKPLPPIIVEDPNDTIAMK,5763.895812,controls,18618.86962,gcn4
437,TVHSVEASPATQSEDLEVSSPGSGHQRRKSSVSSPSGRHS,4922.411399,controls,16783.16193,gcn4
438,TWPEKILQAVADKKHRSRIVASHHDPQGNLSWKNGSWIPF,10290.60336,controls,34879.45868,gcn4
440,VAGVNARQRKPLPPIKVDPNDPVALKRARNTEAARKSRAR,5410.815264,controls,16764.378,gcn4
441,VAPAQPTSVENSPELKSDEVDSDNQSPAPSRRKSGTSPST,5736.34266,controls,18026.05323,gcn4
442,VAPQASPVVASSPPPGASPRSGRNGRHSSVSGVKPRSRDK,5182.450726,controls,15079.56594,gcn4
443,VAYSRKPRSQPLKPVLIPESGDDTAAKRAKNTEAARRSRA,5683.603862,controls,15180.06859,gcn4
446,VHSVEASPATPSEDLEALSPGSGHQRRKSSVSPPSGRHSS,5753.387822,controls,15608.90312,gcn4
447,VKSPMEVPADLEITETDSLPRRKSSNSPSSSHGHGRHSSV,4882.740071,controls,17567.57679,gcn4
449,VLRPDAVARLAKCIASYDLPTTLQDKRVVKLTAGKKCPVD,12666.45299,controls,36021.94127,gcn4
451,VPAPEQPSTTAVQDSPAEASDEVETGPDASPAPTRRKSGG,5555.190041,controls,15871.15361,gcn4
452,VPPSPVVNVPSSPAPQLAPSPSPSRASSTKPSSVAGVNAR,6779.329046,controls,17413.98367,gcn4
454,VPSLKTTSGDEQQLTVKQFVEYPSAKDKLSPKSVEKKISF,5317.09825,controls,16791.05522,gcn4
455,VPSPVPAPAVAPQASPVVASSPPPGASPRSGRNGRHSSVS,5090.212233,controls,17531.41257,gcn4
456,VQPAQCPPPAPALATALSPRARWPTLLPEKYKFSRFSSPQ,5715.400098,controls,18286.01684,gcn4
457,VSAPPKTVPPPPSPMVRAASSPGQSTGTSRNGSSTSTTKH,4760.477369,controls,14676.3891,gcn4
458,VSEHLRNSTGRRRSGTGTSPSGTHASIAGVNSRKRDKPLP,5035.890285,controls,16057.82746,gcn4
459,VSHFAGASSPATQTAPVMSRNDSSPGQSSSRSSHQGRHSF,5340.193465,controls,15396.11914,gcn4
463,VTRIPLPANQQSGHQVVNSSSLNIPRANPNQLYPRQDPRP,4690.183185,controls,16244.97389,gcn4
464,VVADVSRDRITESPASNTHVAPMMSRYDSSPGQSSSRGSQ,5387.344806,controls,17652.96564,gcn4
468,YAIPENEAADEDTMNFISSAKNDASNISNSAPFEYPHEIA,9889.061681,controls,33410.88507,gcn4
475,YPSTPHPQPRLRVPVKATHRPSALQPFLAQNNPRRHSFNL,6427.793208,controls,16772.86384,gcn4
476,YRSQSVSTQRRSATSGVRKRQPLPPIVVEDPSDTVAMKRA,6050.175447,controls,17071.81293,gcn4
478,YVPSFQKAFEDAATAANATDSTRLISLAIPPGEVSKSRQT,8764.976974,controls,28612.2935,gcn4
